guid,name,class,race,role_note
3,Emealar,hunter,4,
4,Claralda,rogue,5,
5,Farado,priest,5,
6,Kurl,deathknight,2,
7,Saewash,shaman,8,oracle-managed
9,Gleetke,warlock,7,
10,Brandreas,druid,4,oracle-managed
11,Hiklatklall,warrior,7,
12,Aellerun,paladin,10,
14,Jogdarkuhr,rogue,3,
15,Rodon,priest,3,
16,Hailey,deathknight,1,
17,Kornzoggoch,shaman,2,
18,Egonic,mage,5,
19,Theldizz,warlock,7,
22,Thomanuel,warrior,1,
23,Elisalia,paladin,10,
24,Usta,hunter,6,fixture
25,Chelleney,rogue,5,fixture
27,Gnitec,deathknight,7,
28,Armir,shaman,11,
29,Lunatra,mage,11,
30,Narinny,warlock,1,
31,Zosto,druid,6,
32,Klyslen,warrior,7,
33,Caean,paladin,10,
35,Myrion,rogue,4,
38,Moin,shaman,11,
39,Stemos,mage,11,
41,Liguhku,druid,6,fixture
101,Zathis,druid,4,scout
112,Naomini,warrior,1,scout
121,Musliwho,druid,6,scout
123,Aenstus,paladin,10,scout
236,Nolliano,priest,5,scout
244,Ugrilok,hunter,2,scout
